solubility_dmso,solubility_acetonitrile,solubility_methanol,solubility_dmf,solubility_thf,solubility_dichloromethane,solubility_ethyl_acetate,solubility_toluene,solubility_heptane,solubility_acetone
-0.8113107085227966,-1.873160481452942,-1.3063181638717651,-0.7298969030380249,-0.7636698484420776,-2.165940046310425,-1.5524671077728271,-2.5176033973693848,-3.1413097381591797,-1.2577823400497437
0.9766029715538025,0.42794185876846313,0.6259875893592834,0.9556113481521606,0.505151093006134,0.42081350088119507,0.378365159034729,0.38108396530151367,-0.3638139069080353,0.5361328125
-0.23079724609851837,-1.560624361038208,-1.3476781845092773,-0.6044209599494934,-0.9271278977394104,-2.533386468887329,-1.8634681701660156,-2.418564558029175,-3.1325860023498535,-1.199898600578308
